Title,Author,ISBN,Publisher,Date Read,Shelves,Bookshelves,read_dates,tags,authors,isbn10,isbn13,owned,dropped_dates,currently_reading
Harry Potter e la Pietra Filosofale,J. K. Rowling,9788893814508,Salani,2026/05/09,,JuvenileFiction Fantasy General,"2026/05/08,2026/05/09","Juvenile Fiction,Fantasy,General",J. K. Rowling,8893814501,9788893814508,true,,
Le ore più buie,Michael Connelly,9788858528198,Edizioni Piemme,,,Fiction Thrillers Crime Legal Suspense,,"Fiction,Thrillers,Crime,Legal,Suspense",Michael Connelly,,9788858528198,,,
Era di maggio,Antonio Manzini,9788838933745,Sellerio,,,Crime Mystery Thriller,,"Crime,Mystery,Thriller",Antonio Manzini,,9788838933745,,,
Dodici Rintocchi,Mignon G. Eberhart,,Mondadori,,,Mystery,,Mystery,Mignon G. Eberhart,,,,,
Giorno da cani,Alicia Giménez Bartlett,9788838916120,Sellerio,,,Crime Mystery Thriller Humour,,"Crime,Mystery,Thriller,Humour",Alicia Giménez Bartlett,,9788838916120,,,
L'uomo inquieto,Henning Mankell,9788831707282,Marsilio,,,Fiction Mystery&Detective General,,"Fiction,Mystery & Detective,General",Henning Mankell,,9788831707282,,,
La stella del deserto,Michael Connelly,9788858530153,Edizioni Piemme,,,Fiction Crime Thrillers Suspense Mystery&Detective PoliceProcedural,,"Fiction,Crime,Thrillers,Suspense,Mystery & Detective,Police Procedural",Michael Connelly,,9788858530153,,,
Un male necessario,Abir Mukherjee,9788893902038,SEM,,,Mystery Historical Crime,,"Mystery,Historical,Crime",Abir Mukherjee,,9788893902038,,,
Memoria,David Lagercrantz,9789113102610,Nordstedts,,,Crime Thriller,,"Crime,Thriller",David Lagercrantz,,9789113102610,,,
Pista nera,Antonio Manzini,9788838930287,Sellerio,,,Mystery Crime Thriller,,"Mystery,Crime,Thriller",Antonio Manzini,,9788838930287,,,
La regola dell'equilibrio,Gianrico Carofiglio,9788806218126,Einaudi,,,Crime Mystery Thriller,,"Crime,Mystery,Thriller",Gianrico Carofiglio,,9788806218126,,,
Il vicino di casa,Linwood Barclay,9788858500095,Edizioni Piemme,,,Fiction Thrillers General,,"Fiction,Thrillers,General",Linwood Barclay,,9788858500095,,,
Il messaggio nella bottiglia,Jussi Adler-Olsen,9788831719438,Marsilio,,,Mystery Crime Thriller,,"Mystery,Crime,Thriller",Jussi Adler-Olsen,,9788831719438,,,
Assassinio allo specchio,Agatha Christie,9788804510123,Mondadori,,,Mystery Crime Classics,,"Mystery,Crime,Classics",Agatha Christie,,9788804510123,,,
Il lato oscuro dell'addio,Michael Connelly,9788858516584,Edizioni Piemme,,,Fiction Thrillers General,,"Fiction,Thrillers,General",Michael Connelly,,9788858516584,,,
Troverò la chiave,Alex Ahndoril,9788850270330,TEA,,,Fiction Mystery&Detective General,,"Fiction,Mystery & Detective,General",Alex Ahndoril,,9788850270330,,,
La lista,Michael Connelly,9788858502341,Edizioni Piemme,,,Fiction Thrillers Legal Crime Suspense Mystery&Detective PoliceProcedural,,"Fiction,Thrillers,Legal,Crime,Suspense,Mystery & Detective,Police Procedural",Michael Connelly,,9788858502341,,,
La misura del tempo,Gianrico Carofiglio,9788858432358,Einaudi,,,Fiction Crime,,"Fiction,Crime",Gianrico Carofiglio,,9788858432358,,,
Alla vecchia maniera,Paolo Roversi,9788835734444,Mondadori,,,Crime,,Crime,Paolo Roversi,,9788835734444,,,
Nido vuoto,Alicia Giménez Bartlett,9788838922046,Sellerio,,,Crime Thriller,,"Crime,Thriller",Alicia Giménez Bartlett,,9788838922046,,,
Doppia verità,Michael Connelly,9788856688078,Piemme,,,Fiction Thrillers Suspense,,"Fiction,Thrillers,Suspense",Michael Connelly,,9788856688078,,,
Ghiaccio nero,Michael Connelly,9788858502778,Edizioni Piemme,,,Fiction Mystery&Detective PoliceProcedural Thrillers Suspense Crime,,"Fiction,Mystery & Detective,Police Procedural,Thrillers,Suspense,Crime",Michael Connelly,,9788858502778,,,
Il guardiano dei coccodrilli,Katrine Engberg,9788829708086,Marsilio,,,Mystery Thriller Crime Suspense Contemporary,,"Mystery,Thriller,Crime,Suspense,Contemporary",Katrine Engberg,,9788829708086,,,
Il respiro del drago,Michael Connelly,9788838468803,Edizioni Piemme,,,Fiction Thrillers Suspense,,"Fiction,Thrillers,Suspense",Michael Connelly,,9788838468803,,,
L'incubo di Thea,Linda Barnes,,Mondadori,,,,,,Linda Barnes,,,,,
Riti di morte,Alicia Giménez Bartlett,9788838917806,Sellerio,,,Crime Mystery Thriller Suspense,,"Crime,Mystery,Thriller,Suspense",Alicia Giménez Bartlett,,9788838917806,,,
Avvocato di difesa,Michael Connelly,9788858500880,Edizioni Piemme,,,Fiction Thrillers Suspense Crime Legal,,"Fiction,Thrillers,Suspense,Crime,Legal",Michael Connelly,,9788858500880,,,
Il passaggio,Michael Connelly,9788858516423,Edizioni Piemme,,,Fiction Mystery&Detective PoliceProcedural Thrillers Suspense Crime,,"Fiction,Mystery & Detective,Police Procedural,Thrillers,Suspense,Crime",Michael Connelly,,9788858516423,,,
Isola,Katrine Engberg,9788772390093,Alpha Forlag,,,Mystery Crime Thriller Contemporary,,"Mystery,Crime,Thriller,Contemporary",Katrine Engberg,,9788772390093,,,
La scatola nera,Michael Connelly,9788858513255,Edizioni Piemme,,,Fiction Mystery&Detective PoliceProcedural Thrillers Suspense Crime,,"Fiction,Mystery & Detective,Police Procedural,Thrillers,Suspense,Crime",Michael Connelly,,9788858513255,,,
Il giorno dell'innocenza,Michael Connelly,9788858531952,Edizioni Piemme,,,Fiction Thrillers Crime Suspense,,"Fiction,Thrillers,Crime,Suspense",Michael Connelly,,9788858531952,,,
Il ritorno del maestro di danza,Henning Mankell,9788831792035,Marsilio,,,Crime Mystery Thriller,,"Crime,Mystery,Thriller",Henning Mankell,,9788831792035,,,
La svedese,Giancarlo de Cataldo,9788858439968,Einaudi,,,,,,Giancarlo de Cataldo,,9788858439968,,,
Assassino senza volto,Henning Mankell,9788831730785,Marsilio,,,Mystery Crime Thriller,,"Mystery,Crime,Thriller",Henning Mankell,,9788831730785,,,
Lame di luce,Michael Connelly,9788858500897,Edizioni Piemme,,,Fiction Mystery&Detective PoliceProcedural Thrillers Suspense Crime,,"Fiction,Mystery & Detective,Police Procedural,Thrillers,Suspense,Crime",Michael Connelly,,9788858500897,,,
Promessa mortale,Angela Marsons,9788822774293,Newton Compton,,,Thriller Crime Mystery,,"Thriller,Crime,Mystery",Angela Marsons,,9788822774293,,,
Testimone inconsapevole,Gianrico Carofiglio,9788838918001,Sellerio,,,Crime Mystery Thriller,,"Crime,Mystery,Thriller",Gianrico Carofiglio,,9788838918001,,,
Destinazione ignota,Agatha Christie,9788804709138,Mondadori,,,Fiction Mystery&Detective General,,"Fiction,Mystery & Detective,General",Agatha Christie,,9788804709138,,,
Morte a Bellagio,Cocco & Magella,9788831742788,Marsilio,,,,,,Cocco & Magella,,9788831742788,,,
La legge dell'innocenza,Michael Connelly,9788858525920,Edizioni Piemme,,,Fiction Thrillers Crime Suspense General,,"Fiction,Thrillers,Crime,Suspense,General",Michael Connelly,,9788858525920,,,
Non è stagione,Antonio Manzini,9788838933271,Sellerio,,,Crime Mystery Thriller,,"Crime,Mystery,Thriller",Antonio Manzini,,9788838933271,,,
Il ragno,Michael Connelly,9788858500910,Edizioni Piemme,,,Fiction Mystery&Detective PoliceProcedural Thrillers Suspense Crime,,"Fiction,Mystery & Detective,Police Procedural,Thrillers,Suspense,Crime",Michael Connelly,,9788858500910,,,
Ogni giorno ha il suo male,Antonio Fusco,9791223228265,Giunti,,,Thriller Crime,,"Thriller,Crime",Antonio Fusco,,9791223228265,,,
La canarina assassinata,S. S. van Dine,9788818029338,Polillo,,,Mystery Crime Classics,,"Mystery,Crime,Classics",S. S. van Dine,,9788818029338,,,
La bionda di cemento,Michael Connelly,9788858502808,Edizioni Piemme,,,Fiction Mystery&Detective PoliceProcedural Thrillers Suspense Crime,,"Fiction,Mystery & Detective,Police Procedural,Thrillers,Suspense,Crime",Michael Connelly,,9788858502808,,,
Un conto aperto con la morte,Bruno Morchio,9788811004837,Garzanti,,,Fiction Mystery&Detective General,,"Fiction,Mystery & Detective,General",Bruno Morchio,,9788811004837,,,
Un corpo sulla spiaggia,Håkan Nesser,9788850233632,TEA,,,Crime Mystery Thriller,,"Crime,Mystery,Thriller",Håkan Nesser,,9788850233632,,,
La casa in fondo alla strada,Karen McQuestion,9788822769657,Newton Compton Editori,,,Thriller Mystery Horror Suspense Contemporary Adult,,"Thriller,Mystery,Horror,Suspense,Contemporary,Adult",Karen McQuestion,,9788822769657,,,
I cerchi nell'acqua,Alessandro Robecchi,9788838940507,Sellerio,,,Fiction Mystery&Detective General,,"Fiction,Mystery & Detective,General",Alessandro Robecchi,,9788838940507,,,
Il collezionista di ossa,Jeffery Deaver,9788858643662,Bur,,,Fiction Thrillers General,,"Fiction,Thrillers,General",Jeffery Deaver,,9788858643662,,,
L'estate fredda,Gianrico Carofiglio,9788858424407,Einaudi,,,Fiction Thrillers General,,"Fiction,Thrillers,General",Gianrico Carofiglio,,9788858424407,,,
Il buio oltre la notte,Michael Connelly,9788858500941,Edizioni Piemme,,,Fiction Mystery&Detective PoliceProcedural Thrillers Suspense Crime,,"Fiction,Mystery & Detective,Police Procedural,Thrillers,Suspense,Crime",Michael Connelly,,9788858500941,,,
Morti di carta,Alicia Giménez Bartlett,9788838917462,Sellerio,,,Crime Mystery Thriller,,"Crime,Mystery,Thriller",Alicia Giménez Bartlett,,9788838917462,,,
La casa del giudice: Le inchieste di Maigret (19 di 75),Georges Simenon,9788845971341,Adelphi Edizioni spa,,,Fiction General Mystery&Detective,,"Fiction,General,Mystery & Detective",Georges Simenon,,9788845971341,,,
Tempesta al Rancho rio,Mignon G. Eberhart,,Mondadori,,,Mystery,,Mystery,Mignon G. Eberhart,,,,,
L'isola,Ragnar Jónasson,9788829718634,Marsilio Editori spa,,,Fiction Thrillers General Suspense Crime,,"Fiction,Thrillers,General,Suspense,Crime",Ragnar Jónasson,,9788829718634,,,
La forza del destino,Marco Vichi,9788860889638,Guanda,,,Crime Mystery Thriller,,"Crime,Mystery,Thriller",Marco Vichi,,9788860889638,,,
Ragionevoli dubbi,Gianrico Carofiglio,9788838921469,Sellerio,,,Crime Mystery Thriller,,"Crime,Mystery,Thriller",Gianrico Carofiglio,,9788838921469,,,
Book 9788809971493,Unknown Author,9788809971493,Giunti Editore,,,Fiction Mystery&Detective General,,"Fiction,Mystery & Detective,General",Unknown Author,,9788809971493,,,
Ombre sul lago,Cocco & Magella,9788823502543,Guanda,,,Mystery Historical Thriller Contemporary,,"Mystery,Historical,Thriller,Contemporary",Cocco & Magella,,9788823502543,,,
La costola di Adamo,Antonio Manzini,9788838931666,Sellerio,,,Crime Mystery Thriller,,"Crime,Mystery,Thriller",Antonio Manzini,,9788838931666,,,
Tra lei e me,Giampaolo Simi,9788838948350,Sellerio,,,,,,Giampaolo Simi,,9788838948350,,,
Ragazze smarrite. Un'avventura del commissario Bordelli,Marco Vichi,9788823526839,Guanda,,,,,,Marco Vichi,,9788823526839,,,
Indizi mortali,Robert Bryndza,9788822775634,Newton Compton,,,Fiction Thrillers General,,"Fiction,Thrillers,General",Robert Bryndza,,9788822775634,,,
Un delitto avrà luogo,Agatha Christie,9788804507581,Mondadori,,,Mystery Crime Classics Thriller,,"Mystery,Crime,Classics,Thriller",Agatha Christie,,9788804507581,,,
Postmortem,Patricia Daniels Cornwell,9780762188598,ImPress Mystery,,,Fiction Mystery&Detective WomenSleuths Places UnitedStates,,"Fiction,Mystery & Detective,Women Sleuths,Places,United States",Patricia Daniels Cornwell,,9780762188598,,,
Crimini e misteri italiani irrisolti. Il detective sei tu!,Iacopo Cellini,9788822793690,Newton Compton Editori,,,Games&Activities Puzzles SocialScience Criminology,,"Games & Activities,Puzzles,Social Science,Criminology",Iacopo Cellini,,9788822793690,,,
La svolta,Michael Connelly,9788858507681,Edizioni Piemme,,,Fiction Mystery&Detective PoliceProcedural Thrillers Suspense Crime,,"Fiction,Mystery & Detective,Police Procedural,Thrillers,Suspense,Crime",Michael Connelly,,9788858507681,,,
La memoria del topo,Michael Connelly,9788858502761,Edizioni Piemme,,,Fiction Mystery&Detective PoliceProcedural Thrillers Suspense Crime,,"Fiction,Mystery & Detective,Police Procedural,Thrillers,Suspense,Crime",Michael Connelly,,9788858502761,,,
La città buia,Michael Connelly,9788858500842,Edizioni Piemme,,,Fiction Mystery&Detective InternationalCrime&Mystery Thrillers Crime Medical,,"Fiction,Mystery & Detective,International Crime & Mystery,Thrillers,Crime,Medical",Michael Connelly,,9788858500842,,,
In tre contro il delitto,Agatha Christie,9788804510055,Mondadori,,,Mystery Classics Crime,,"Mystery,Classics,Crime",Agatha Christie,,9788804510055,,,
Una brutta faccenda,Marco Vichi,9788850207992,TEA,,,Mystery Crime Historical,,"Mystery,Crime,Historical",Marco Vichi,,9788850207992,,,
Morte in una domenica di pioggia,Joan Aiken,,Longanesi,,,Mystery Horror Suspense Thriller Crime Romance,,"Mystery,Horror,Suspense,Thriller,Crime,Romance",Joan Aiken,,,,,
Sabbia nera,Cristina Cassar Scalia,9788858428573,Einaudi,,,Crime Thriller Mystery,,"Crime,Thriller,Mystery",Cristina Cassar Scalia,,9788858428573,,,
Il silenzio dei chiostri,Alicia Giménez Bartlett,9788838923722,Sellerio,,,Crime Thriller Mystery,,"Crime,Thriller,Mystery",Alicia Giménez Bartlett,,9788838923722,,,
La mossa dell'assassino,Angela Marsons,9788822786630,Newton Compton Editori,,,Fiction Thrillers General,,"Fiction,Thrillers,General",Angela Marsons,,9788822786630,,,
Il bacio del calabrone,Giancarlo de Cataldo,9788858445785,Einaudi,,,Fiction Thrillers Crime,,"Fiction,Thrillers,Crime",Giancarlo de Cataldo,,9788858445785,,,
L'orma del califfo,Wilbur Smith,9788830524194,Harper Collins Italia,,,Fiction General Action&Adventure,,"Fiction,General,Action & Adventure",Wilbur Smith,,9788830524194,,,
Una notte in giallo,Roberto Alajmo,9788838944444,Sellerio,,,Crime,,Crime,"Roberto Alajmo,Andrej Longo,Marco Malvaldi,Antonio Manzini,Francesco Recami,Alessandro Robecchi,Gaetano Savatteri,Fabio Stassi",,9788838944444,,,
Ad occhi chiusi,Gianrico Carofiglio,9788838919053,Sellerio,,,Crime Mystery Thriller,,"Crime,Mystery,Thriller",Gianrico Carofiglio,,9788838919053,,,
Il segno dei quattro,Arthur Conan Doyle,9788858629000,Bur,,,Fiction General,,"Fiction,General",Arthur Conan Doyle,,9788858629000,,,
Il caso della testimone guercia,Erle Stanley Gardner,9788804551133,Mondadori,,,Fiction Mystery&Detective General,,"Fiction,Mystery & Detective,General",Erle Stanley Gardner,,9788804551133,,,
L'orizzonte della notte,Gianrico Carofiglio,9788858444627,Einaudi,,,Crime Thriller,,"Crime,Thriller",Gianrico Carofiglio,,9788858444627,,,
Mio caro serial killer,Alicia Giménez Bartlett,9788838937736,Sellerio,,,Thriller Crime,,"Thriller,Crime",Alicia Giménez Bartlett,,9788838937736,,,
Utente sconosciuto,Michael Connelly,9788858500927,Edizioni Piemme,,,Fiction Mystery&Detective PoliceProcedural Thrillers Crime Medical,,"Fiction,Mystery & Detective,Police Procedural,Thrillers,Crime,Medical",Michael Connelly,,9788858500927,,,
La Magna Via,Gaetano Savatteri,9788838946813,Sellerio,,,Fiction General Mystery&Detective,,"Fiction,General,Mystery & Detective",Gaetano Savatteri,,9788838946813,,,
Il testimone chiave,Sarah Savioli,9788807034459,Feltrinelli,,,Crime,,Crime,Sarah Savioli,,9788807034459,,,
La ragazza di polvere,Michael Connelly,9788858500866,Edizioni Piemme,,,Fiction Mystery&Detective PoliceProcedural Thrillers Suspense Crime,,"Fiction,Mystery & Detective,Police Procedural,Thrillers,Suspense,Crime",Michael Connelly,,9788858500866,,,
L'ombra della solitudine,Paolo Roversi,9788829789962,Marsilio,,,Crime,,Crime,Paolo Roversi,,9788829789962,,,
L'eleganza del killer,Paolo Roversi,9788829716333,Marsilio,,,Crime,,Crime,Paolo Roversi,,9788829716333,,,
Caccia al tesoro,Martha Grimes,,Mondadori,,,Mystery Crime Thriller,,"Mystery,Crime,Thriller",Martha Grimes,,,,,
La notte più lunga,Michael Connelly,9788858522837,Edizioni Piemme,,,Fiction Thrillers General,,"Fiction,Thrillers,General",Michael Connelly,,9788858522837,,,
Gli onori di casa,Alicia Giménez Bartlett,9788838929069,Sellerio,,,Crime Thriller Mystery,,"Crime,Thriller,Mystery",Alicia Giménez Bartlett,,9788838929069,,,
L'arte del dubbio,Gianrico Carofiglio,9788838922497,Sellerio,,,Crime Thriller,,"Crime,Thriller",Gianrico Carofiglio,,9788838922497,,,
La memoria dei morti,Angela Marsons,9788822780270,Newton Compton Editori,,,Thriller Crime Mystery,,"Thriller,Crime,Mystery",Angela Marsons,,9788822780270,,,
La traccia,Patricia Cornwell,9788852013850,Edizioni Mondadori,,,Fiction Mystery&Detective WomenSleuths Thrillers Suspense Crime Medical,,"Fiction,Mystery & Detective,Women Sleuths,Thrillers,Suspense,Crime,Medical",Patricia Cornwell,,9788852013850,,,
La logica della lampara,Cristina Cassar Scalia,9788858430897,Einaudi,,,Crime Thriller Mystery,,"Crime,Thriller,Mystery",Cristina Cassar Scalia,,9788858430897,,,
La donna che fugge,Alicia Giménez Bartlett,9788838946660,Sellerio Editore,,,Crime Thriller,,"Crime,Thriller",Alicia Giménez Bartlett,,9788838946660,,,
Il mosaico di ghiaccio,Lars Rambe,9788854130166,Newton Compton,,,Thriller,,Thriller,Lars Rambe,,9788854130166,,,
Perfette sconosciute,Liza Marklund,9788829789313,Marsilio,,,Crime Thriller Mystery,,"Crime,Thriller,Mystery",Liza Marklund,,9788829789313,,,
Vendetta,George P. Pelecanos,9788838478222,Piemme,,,Fiction Thrillers Suspense,,"Fiction,Thrillers,Suspense",George P. Pelecanos,,9788838478222,,,
Una mente assassina,Angela Marsons,9788822788535,Newton Compton Editori,,,Crime Thriller Mystery,,"Crime,Thriller,Mystery",Angela Marsons,,9788822788535,,,
Il mambo degli orsi,Joe R. Lansdale,9788858411407,Einaudi,,,Fiction Thrillers General,,"Fiction,Thrillers,General",Joe R. Lansdale,,9788858411407,,,
L'enigma Kaminski: Un caso alla vecchia maniera per il commissario Botero,Paolo Roversi,9788835742647,Mondadori,,,,,,Paolo Roversi,,9788835742647,,,
Il tallone da killer,Alessandro Robecchi,9788838948145,Sellerio Editore,,,Fiction Mystery&Detective General,,"Fiction,Mystery & Detective,General",Alessandro Robecchi,,9788838948145,,,
L'avvocato,Victor Methos,9788822720528,Newton Compton Editori,,,Fiction Thrillers General,,"Fiction,Thrillers,General",Victor Methos,,9788822720528,,,
Una mutevole verità,Gianrico Carofiglio,9788858415139,Einaudi,,,Crime Thriller Mystery,,"Crime,Thriller,Mystery",Gianrico Carofiglio,,9788858415139,,,
Il bicchiere della staffa,Dominique Manotti,9788838940569,Marco Tropea,,,Crime Politics,,"Crime,Politics",Dominique Manotti,,9788838940569,,,
Il miraggio,Camilla Läckberg,9788829710355,Marsilio,,,Fiction Mystery&Detective General,,"Fiction,Mystery & Detective,General","Camilla Läckberg,Henrik Fexeus",,9788829710355,,,
La caduta,Michael Connelly,9788858512227,Edizioni Piemme,,,Fiction Mystery&Detective PoliceProcedural Thrillers Suspense Crime,,"Fiction,Mystery & Detective,Police Procedural,Thrillers,Suspense,Crime",Michael Connelly,,9788858512227,,,
Le perfezioni provvisorie,Gianrico Carofiglio,9788838924545,Sellerio,,,Crime Mystery Thriller,,"Crime,Mystery,Thriller",Gianrico Carofiglio,,9788838924545,,,
L'attesa,Michael Connelly,9788858534151,Edizioni Piemme,,,Fiction Crime Thrillers ScienceFiction Crime&Mystery,,"Fiction,Crime,Thrillers,Science Fiction,Crime & Mystery",Michael Connelly,,9788858534151,,,
IL KILLER DI GHIACCIO,Ross Greenwood,9788822772268,Newton Compton Editori,,,Fiction Mystery&Detective General Thrillers Suspense,,"Fiction,Mystery & Detective,General,Thrillers,Suspense",Ross Greenwood,,9788822772268,,,
La valle degli spiriti,Edgar Wallace,9788879833714,Newton & Compton,,,Crime Mystery Thriller,,"Crime,Mystery,Thriller",Edgar Wallace,,9788879833714,,,
Messaggeri dell'oscurità,Alicia Giménez Bartlett,9788838917011,Sellerio,,,Crime Thriller,,"Crime,Thriller",Alicia Giménez Bartlett,,9788838917011,,,
Rancore,Gianrico Carofiglio,9788858438800,Einaudi,,,Thriller Crime Mystery,,"Thriller,Crime,Mystery",Gianrico Carofiglio,,9788858438800,,,
Mare nero,Gabriella Genisi,9788829710836,Sonzogno,,,Crime,,Crime,Gabriella Genisi,,9788829710836,,,
La forma dell'acqua,Andrea Camilleri,9788838926648,Sellerio Editore srl,,,Fiction General Mystery&Detective,,"Fiction,General,Mystery & Detective",Andrea Camilleri,,9788838926648,,,
Un bastimento carico di riso,Alicia Giménez Bartlett,9788838919718,Sellerio,,,Crime Thriller Mystery,,"Crime,Thriller,Mystery",Alicia Giménez Bartlett,,9788838919718,,,
Dove nessuno ti troverà,Alicia Giménez Bartlett,9788838925757,Sellerio,,,Historical Thriller,,"Historical,Thriller",Alicia Giménez Bartlett,,9788838925757,,,
Harry Bosch Collection: L'ombra del coyote-Musica dura,Michael Connelly,9788838476921,Piemme,,,Fiction Thrillers Suspense,,"Fiction,Thrillers,Suspense",Michael Connelly,,9788838476921,,,
Serpenti nel Paradiso,Alicia Giménez Bartlett,9788838918728,Sellerio,,,Crime Thriller,,"Crime,Thriller",Alicia Giménez Bartlett,,9788838918728,,,
Il cerchio del lupo,Michael Connelly,9788858500859,Edizioni Piemme,,,Fiction Mystery&Detective PoliceProcedural Thrillers Suspense Crime,,"Fiction,Mystery & Detective,Police Procedural,Thrillers,Suspense,Crime",Michael Connelly,,9788858500859,,,
La fuggitiva,Carlo Lefebvre,9788809973251,Giunti Editore,,,Fiction Mystery&Detective General,,"Fiction,Mystery & Detective,General",Carlo Lefebvre,,9788809973251,,,
Quasi colpevole,Paolo Pinna Parpaglia,9788822723833,Newton Compton Editori,,,Fiction Mystery&Detective General,,"Fiction,Mystery & Detective,General",Paolo Pinna Parpaglia,,9788822723833,,,
Il passato è un morto senza cadavere,Antonio Manzini,9788838946967,Sellerio Editore,,,Crime Contemporary,,"Crime,Contemporary",Antonio Manzini,,9788838946967,,,
